word	id
АБДОМИНОПЛАСТИКА	5390-N
АБДОМИНОПЛАСТИКА	1064-N
АБДОМИНОПЛАСТИКА	113873-N
АБДОМИНОПЛАСТИКА	1047-N
АБДОМИНОПЛАСТИКА	144594-N
АБДОМИНОПЛАСТИКА	135045-N
АБДОМИНОПЛАСТИКА	7529-N
АБДОМИНОПЛАСТИКА	10123-N
АБДОМИНОПЛАСТИКА	154733-N
АБДОМИНОПЛАСТИКА	1065-N
АБСОРБЕНТ	820-N
АБСОРБЕНТ	1067-N
АБСОРБЕНТ	3675-N
АБСОРБЕНТ	5992-N
АБСОРБЕНТ	147758-N
АБСОРБЕНТ	111683-N
АБСОРБЕНТ	3168-N
АБСОРБЕНТ	107267-N
АБСОРБЕНТ	8998-N
АБСОРБЕНТ	4634-N
АВАЛЬ	1337-N
АВАЛЬ	150684-N
АВАЛЬ	1792-N
АВАЛЬ	6424-N
АВАЛЬ	124057-N
АВАЛЬ	1554-N
АВАЛЬ	1278-N
АВАЛЬ	1271-N
АВАЛЬ	150764-N
АВАЛЬ	6765-N
АВТАРКИЯ	833-N
АВТАРКИЯ	601-N
АВТАРКИЯ	113853-N
АВТАРКИЯ	1208-N
АВТАРКИЯ	49-N
АВТАРКИЯ	137766-N
АВТАРКИЯ	445-N
АВТАРКИЯ	126377-N
АВТАРКИЯ	133994-N
АВТАРКИЯ	124135-N
АГНОСТИК	107524-N
АГНОСТИК	4474-N
АГНОСТИК	2149-N
АГНОСТИК	130993-N
АГНОСТИК	122232-N
АГНОСТИК	153097-N
АГНОСТИК	4544-N
АГНОСТИК	127024-N
АГНОСТИК	126711-N
АГНОСТИК	127065-N
